{"cameraMode":{"drawMode":0,"name":"Shaded","section":"Shading Mode"},"sceneLighting":true,"audioPlay":false,"sceneViewState":{"showFog":true,"showMaterialUpdate":false,"showSkybox":true,"showFlares":true,"showImageEffects":true,"showParticleSystems":true,"showVisualEffectGraphs":true,"m_FxEnabled":true},"in2DMode":false,"pivot":{"x":-2.8580117225646974,"y":-31.745811462402345,"z":12.592069625854493},"rotation":{"x":-0.5386279821395874,"y":0.005559545010328293,"z":-0.003548490582033992,"w":-0.8425393104553223},"size":22.579797744750978,"orthographic":false}