{"cameraMode":{"drawMode":0,"name":"Shaded","section":"Shading Mode"},"sceneLighting":false,"audioPlay":false,"sceneViewState":{"showFog":true,"showMaterialUpdate":false,"showSkybox":false,"showFlares":true,"showImageEffects":true,"showParticleSystems":true,"showVisualEffectGraphs":true,"m_FxEnabled":true},"in2DMode":false,"pivot":{"x":0.05884158983826637,"y":0.01950758695602417,"z":4.013982772827148},"rotation":{"x":-0.31827616691589358,"y":-0.04633387550711632,"z":0.015584541484713555,"w":-0.9467458128929138},"size":0.8598076701164246,"orthographic":false}